"","last_name","first_name","pos","id","points","rank","pos_rank","sd_pts","avg_type","name"
"1","Bills","Buffalo","DST","0501",108.441,113,11,14.151417,"robust","BUFFALO"
"2","Colts","Indianapolis","DST","0502",109.7785,107,7,9.362619,"robust","INDIANAPOLIS"
"3","Dolphins","Miami","DST","0503",93.4495,158,31,7.33887,"robust","MIAMI"
"4","Patriots","New England","DST","0504",109.491,110,9,1.74946800000001,"robust","NEW ENGLAND"
"5","Jets","New York","DST","0505",101.443,136,23,5.54492400000001,"robust","NEW YORK"
"6","Bengals","Cincinnati","DST","0506",95.886,154,29,4.610886,"robust","CINCINNATI"
"7","Browns","Cleveland","DST","0507",109.643,108,8,5.6664972,"robust","CLEVELAND"
"8","Titans","Tennessee","DST","0508",100.336,140,24,7.35369599999999,"robust","TENNESSEE"
"9","Jaguars","Jacksonville","DST","0509",105.9915,123,19,10.8170496,"robust","JACKSONVILLE"
"10","Steelers","Pittsburgh","DST","0510",110.805,102,4,0.0667169999999815,"robust","PITTSBURGH"
"11","Broncos","Denver","DST","0511",110.195,106,6,9.52570499999999,"robust","DENVER"
"12","Chiefs","Kansas City","DST","0512",108.394,115,12,9.05127299999998,"robust","KANSAS CITY"
"13","Raiders","Oakland","DST","0513",85.5395,180,32,2.06377920000002,"robust","OAKLAND"
"14","Chargers","Los Angeles","DST","0514",105.821,124,20,6.63315240000001,"robust","LOS ANGELES"
"15","Seahawks","Seattle","DST","0515",103.206,132,21,14.314503,"robust","SEATTLE"
"16","Cowboys","Dallas","DST","0516",102.1935,135,22,2.572311,"robust","DALLAS"
"17","Giants","New York","DST","0517",96.6215,151,28,1.92589739999999,"robust","NEW YORK"
"18","Eagles","Philadelphia","DST","0518",106.852,121,17,2.80063139999999,"robust","PHILADELPHIA"
"19","Cardinals","Arizona","DST","0519",106.4225,122,18,14.069874,"robust","ARIZONA"
"20","Redskins","Washington","DST","0520",106.985,118,15,9.34038000000002,"robust","WASHINGTON"
"21","Bears","Chicago","DST","0521",115.8675,84,1,1.14160199999999,"robust","CHICAGO"
"22","Lions","Detroit","DST","0522",100.328,141,25,3.076395,"robust","DETROIT"
"23","Packers","Green Bay","DST","0523",106.888,120,16,0.222389999999987,"robust","GREEN BAY"
"24","Vikings","Minnesota","DST","0524",109.351,111,10,16.316013,"robust","MINNESOTA"
"25","Buccaneers","Tampa Bay","DST","0525",95.4825,155,30,6.33070199999999,"robust","TAMPA BAY"
"26","Falcons","Atlanta","DST","0526",97.782,148,27,1.69757699999999,"robust","ATLANTA"
"27","Panthers","Carolina","DST","0527",107.428,116,13,9.355206,"robust","CAROLINA"
"28","Rams","Los Angeles","DST","0528",114.885,87,2,9.87411600000001,"robust","LOS ANGELES"
"29","Saints","New Orleans","DST","0529",111.4095,99,3,4.01784599999999,"robust","NEW ORLEANS"
"30","49ers","San Francisco","DST","0530",99.9175,145,26,2.95778700000001,"robust","SAN FRANCISCO"
"31","Ravens","Baltimore","DST","0531",107.181,117,14,0.00296519999999309,"robust","BALTIMORE"
"32","Texans","Houston","DST","0532",110.3515,104,5,7.73175899999998,"robust","HOUSTON"
"33","Gabbert","Blaine","QB","10262",10.80065,552,47,4.76314902,"robust","BLAINE GABBERT"
"34","Newton","Cam","QB","10273",294.65085,59,4,10.86553062,"robust","CAM NEWTON"
"35","Dalton","Andy","QB","10313",223.717,248,25,20.178186,"robust","ANDY DALTON"
"36","Taylor","Tyrod","QB","10413",9.274,557,52,1.5003912,"robust","TYROD TAYLOR"
"37","Luck","Andrew","QB","10695",290.4278,66,6,22.8527964,"robust","ANDREW LUCK"
"38","Griffin III","Robert","QB","10696",10.2829,553,48,0.78103368,"robust","ROBERT GRIFFIN"
"39","Tannehill","Ryan","QB","10697",12.70385,548,43,4.625712,"robust","RYAN TANNEHILL"
"40","Foles","Nick","QB","10699",218.36875,256,26,12.2440521,"robust","NICK FOLES"
"41","Cousins","Kirk","QB","10700",264.8967,138,17,13.22241984,"robust","KIRK COUSINS"
"42","Wilson","Russell","QB","10703",277.9787,93,10,2.05340100000003,"robust","RUSSELL WILSON"
"43","Tanney","Alex","QB","10935",0,578,73,0,"robust","ALEX TANNEY"
"44","Keenum","Case","QB","10948",79.7335,538,33,37.61415504,"robust","CASE KEENUM"
"45","Smith","Geno","QB","11150",0,578,73,0,"robust","GENO SMITH"
"46","Barkley","Matt","QB","11151",6.68095,571,66,2.67802038,"robust","MATT BARKLEY"
"47","Glennon","Mike","QB","11152",5.94915,574,69,1.52959842,"robust","MIKE GLENNON"
"48","Bray","Tyler","QB","11170",0,578,73,0,"robust","TYLER BRAY"
"49","Griffin","Ryan","QB","11441",0,578,73,0,"robust","RYAN GRIFFIN"
"50","Bridgewater","Teddy","QB","11640",8.38295,562,57,6.9993546,"robust","TEDDY BRIDGEWATER"
"51","Bortles","Blake","QB","11642",12.8879,547,42,3.35334468,"robust","BLAKE BORTLES"
"52","McCarron","A.J.","QB","11643",8.549,560,55,7.3714872,"robust","A.J. MCCARRON"
"53","Carr","Derek","QB","11644",232.33975,224,23,12.0179556,"robust","DEREK CARR"
"54","Savage","Tom","QB","11649",4.228,575,70,3.3447456,"robust","TOM SAVAGE"
"55","Garoppolo","Jimmy","QB","11760",263.7879,143,18,24.6541554,"robust","JIMMY GAROPPOLO"
"56","Fales","David","QB","11835",0,578,73,0,"robust","DAVID FALES"
"57","Gilbert","Garrett","QB","11854",0,578,73,0,"robust","GARRETT GILBERT"
"58","Winston","Jameis","QB","12140",274.4656,103,14,5.28102119999997,"robust","JAMEIS WINSTON"
"59","Mariota","Marcus","QB","12141",215.59125,267,28,6.47970329999999,"robust","MARCUS MARIOTA"
"60","Hundley","Brett","QB","12142",8.468,561,56,1.9511016,"robust","BRETT HUNDLEY"
"61","Mannion","Sean","QB","12145",6.6429,573,68,0.817505639999999,"robust","SEAN MANNION"
"62","Siemian","Trevor","QB","12381",8.91005,559,54,1.04211954,"robust","TREVOR SIEMIAN"
"63","Heinicke","Taylor","QB","12476",9.654,555,50,7.1565102,"robust","TAYLOR HEINICKE"
"64","Wentz","Carson","QB","12610",279.1784,86,8,8.44904088000001,"robust","CARSON WENTZ"
"65","Goff","Jared","QB","12611",276.6045,97,13,6.07569480000002,"robust","JARED GOFF"
"66","Lynch","Paxton","QB","12612",10.9048,551,46,1.8740064,"robust","PAXTON LYNCH"
"67","Jones","Cardale","QB","12615",0,578,73,0,"robust","CARDALE JONES"
"68","Brissett","Jacoby","QB","12616",15.89545,545,40,9.79568646,"robust","JACOBY BRISSETT"
"69","Kessler","Cody","QB","12617",1.0782,577,72,0.47799024,"robust","CODY KESSLER"
"70","Hogan","Kevin","QB","12618",0,578,73,0,"robust","KEVIN HOGAN"
"71","Prescott","Dak","QB","12620",277.343,95,12,7.79195256000002,"robust","DAK PRESCOTT"
"72","Allen","Brandon","QB","12621",0,578,73,0,"robust","BRANDON ALLEN"
"73","Driskel","Jeff","QB","12623",15.9206,544,39,2.95511832,"robust","JEFF DRISKEL"
"74","Sudfeld","Nate","QB","12815",9.52235,556,51,5.74848498,"robust","NATE SUDFELD"
"75","Rudock","Jake","QB","12819",0,578,73,0,"robust","JAKE RUDOCK"
"76","Callahan","Joe","QB","12925",0,578,73,0,"robust","JOE CALLAHAN"
"77","Watson","Deshaun","QB","13113",311.1892,48,2,17.95710294,"robust","DESHAUN WATSON"
"78","Kizer","DeShone","QB","13114",9.175,558,53,4.136454,"robust","DESHONE KIZER"
"79","Trubisky","Mitchell","QB","13115",260.88055,149,19,17.92270662,"robust","MITCH TRUBISKY"
"80","Mahomes","Patrick","QB","13116",340.26215,30,1,17.64101262,"robust","PATRICK MAHOMES"
"81","Dobbs","Joshua","QB","13119",7.7349,568,63,0.9355206,"robust","JOSHUA DOBBS"
"82","Webb","Davis","QB","13120",0,578,73,0,"robust","DAVIS WEBB"
"83","Kelly","Chad","QB","13121",0,578,73,0,"robust","CHAD KELLY"
"84","Rush","Cooper","QB","13124",7.981,566,61,2.1319788,"robust","COOPER RUSH"
"85","Beathard","C.J.","QB","13125",24.42,543,38,18.102546,"robust","C.J. BEATHARD"
"86","Peterman","Nathan","QB","13127",0,578,73,0,"robust","NATHAN PETERMAN"
"87","Sloter","Kyle","QB","13389",0,578,73,0,"robust","KYLE SLOTER"
"88","Walker","Phillip","QB","13416",0,578,73,0,"robust","PHILLIP WALKER"
"89","Hill","Taysom","QB","13424",28.33,542,37,8.984556,"robust","TAYSOM HILL"
"90","Allen","Josh","QB","13589",255.9425,161,21,10.0410567600001,"robust","JOSH ALLEN"
"91","Mayfield","Baker","QB","13590",278.30975,90,9,6.48385458,"robust","BAKER MAYFIELD"
"92","Rosen","Josh","QB","13591",51.03545,539,34,32.64106986,"robust","JOSH ROSEN"
"93","Darnold","Sam","QB","13592",218.2415,257,27,5.64114474000003,"robust","SAM DARNOLD"
"94","Jackson","Lamar","QB","13593",273.4125,109,15,13.5835812,"robust","LAMAR JACKSON"
"95","Falk","Luke","QB","13594",0,578,73,0,"robust","LUKE FALK"
"96","Rudolph","Mason","QB","13595",0,578,73,0,"robust","MASON RUDOLPH"
"97","Barrett","J.T.","QB","13596",0,578,73,0,"robust","J.T. BARRETT"
"98","White","Mike","QB","13598",0,578,73,0,"robust","MIKE WHITE"
"99","Lee","Tanner","QB","13599",0,578,73,0,"robust","TANNER LEE"
"100","Benkert","Kurt","QB","13600",0,578,73,0,"robust","KURT BENKERT"
"101","Lauletta","Kyle","QB","13601",0,578,73,0,"robust","KYLE LAULETTA"
"102","McGough","Alex","QB","13825",0,578,73,0,"robust","ALEX MCGOUGH"
"103","Woodside","Logan","QB","13846",0,578,73,0,"robust","LOGAN WOODSIDE"
"104","Boyle","Tim","QB","13873",0,578,73,0,"robust","TIM BOYLE"
"105","Allen","Kyle","QB","13879",0,578,73,0,"robust","KYLE ALLEN"
"106","Litton","Chase","QB","13892",0,578,73,0,"robust","CHASE LITTON"
"107","Mullens","Nick","QB","13968",9.85985,554,49,1.7553984,"robust","NICK MULLENS"
"108","Murray","Kyler","QB","14056",237.9425,206,22,4.7873154,"robust","KYLER MURRAY"
"109","Lock","Drew","QB","14057",32.5894,541,36,5.54373791999999,"robust","DREW LOCK"
"110","Haskins","Dwayne","QB","14058",140.286,537,32,31.7187444,"robust","DWAYNE HASKINS"
"111","Jones","Daniel","QB","14059",49.4171,540,35,6.90002040000001,"robust","DANIEL JONES"
"112","McSorley","Trace","QB","14061",3.92,576,71,0,"robust","TRACE MCSORLEY"
"113","Grier","Will","QB","14062",11.8859,550,45,0.220017839999998,"robust","WILL GRIER"
"114","Minshew","Gardner","QB","14067",12.27245,549,44,2.62983588,"robust","GARDNER MINSHEW"
"115","Finley","Ryan","QB","14068",8.38,563,58,0,"robust","RYAN FINLEY"
"116","Stick","Easton","QB","14069",0,578,73,0,"robust","EASTON STICK"
"117","Blough","David","QB","14070",0,578,73,0,"robust","DAVID BLOUGH"
"118","Brees","Drew","QB","4925",284.8205,78,7,14.32325034,"robust","DREW BREES"
"119","Brady","Tom","QB","5848",267.4569,130,16,4.35706487999998,"robust","TOM BRADY"
"120","Manning","Eli","QB","7391",175.9295,420,31,10.53194562,"robust","ELI MANNING"
"121","Rivers","Philip","QB","7394",260.228,153,20,3.83430011999999,"robust","PHILIP RIVERS"
"122","Roethlisberger","Ben","QB","7401",277.8447,94,11,11.097261,"robust","BEN ROETHLISBERGER"
"123","Schaub","Matt","QB","7480",7.5219,570,65,3.832521,"robust","MATT SCHAUB"
"124","Smith","Alex","QB","7813",0,578,73,0,"robust","ALEX SMITH"
"125","Rodgers","Aaron","QB","7836",306.42565,52,3,7.00484022000002,"robust","AARON RODGERS"
"126","Fitzpatrick","Ryan","QB","8062",176.09875,419,30,28.1694,"robust","RYAN FITZPATRICK"
"127","Stanton","Drew","QB","8712",7.7224,569,64,2.2698606,"robust","DREW STANTON"
"128","Flacco","Joe","QB","9064",192.0379,370,29,7.85600088,"robust","JOE FLACCO"
"129","Henne","Chad","QB","9073",8.3397,565,60,5.17887006,"robust","CHAD HENNE"
"130","Ryan","Matt","QB","9099",294.4542,60,5,2.71315800000002,"robust","MATT RYAN"
"131","Johnson","Josh","QB","9207",6.6758,572,67,5.4352116,"robust","JOSH JOHNSON"
"132","Stafford","Matthew","QB","9431",225.2205,245,24,2.41960319999999,"robust","MATTHEW STAFFORD"
"133","Daniel","Chase","QB","9706",7.8702,567,62,4.10027856,"robust","CHASE DANIEL"
"134","Hoyer","Brian","QB","9714",8.3786,564,59,2.28646572,"robust","BRIAN HOYER"
"135","McCoy","Colt","QB","9899",15.31,546,41,11.697714,"robust","COLT MCCOY"
"136","Webb","Joe","QB","9992",-0.12,579,74,0.177912,"robust","JOE WEBB"
"137","Ingram","Mark","RB","10276",152.97275,46,26,23.958816,"robust","MARK INGRAM"
"138","Rodgers","Jacquizz","RB","10300",15.9675,416,107,5.59681500000001,"robust","JACQUIZZ RODGERS"
"139","Jones","Taiwan","RB","10368",1.055,491,167,0.088956,"robust","TAIWAN JONES"
"140","Powell","Bilal","RB","10369",37.20925,354,84,8.77254419999999,"robust","BILAL POWELL"
"141","Sherman","Anthony","RB","10378",2.1035,479,158,1.5671082,"robust","ANTHONY SHERMAN"
"142","Lewis","Dion","RB","10389",96.4805,157,39,9.92452439999998,"robust","DION LEWIS"
"143","Bellore","Nick","RB","10514",1.4315,484,162,0.7902258,"robust","NICK BELLORE"
"144","Miller","Lamar","RB","10708",154.1825,43,25,4.65536400000002,"robust","LAMAR MILLER"
"145","Martin","Doug","RB","10709",37.516,353,83,26.0700384,"robust","DOUG MARTIN"
"146","Morris","Alfred","RB","10870",28.687,376,90,26.049282,"robust","ALFRED MORRIS"
"147","Bolden","Brandon","RB","10932",29.38,374,88,20.667444,"robust","BRANDON BOLDEN"
"148","Olawale","Jamize","RB","10985",1.298,487,164,0.3202416,"robust","JAMIZE OLAWALE"
"149","DiMarco","Patrick","RB","11100",2.0525,480,159,2.008923,"robust","PATRICK DIMARCO"
"150","Develin","James","RB","11101",10.95775,436,119,3.1564554,"robust","JAMES DEVELIN"
"151","Ellington","Andre","RB","11175",16.55,415,106,11.601345,"robust","ANDRE ELLINGTON"
"152","Barner","Kenjon","RB","11177",4.28,458,139,3.172764,"robust","KENJON BARNER"
"153","Burkhead","Rex","RB","11182",70.195,229,57,44.188893,"robust","REX BURKHEAD"
"154","Williams","Kerwynn","RB","11185",0,499,172,0,"robust","KERWYNN WILLIAMS"
"155","Thompson","Chris","RB","11186",70.42475,227,56,4.329192,"robust","CHRIS THOMPSON"
"156","Riddick","Theo","RB","11188",49.4685,287,66,2.8703136,"robust","THEO RIDDICK"
"157","Bell","Le'Veon","RB","11192",211.8395,8,8,24.0952152,"robust","LE'VEON BELL"
"158","Bernard","Giovani","RB","11193",65.061,241,59,3.63237,"robust","GIOVANI BERNARD"
"159","Ware","Spencer","RB","11199",23.64575,390,93,15.6755298,"robust","SPENCER WARE"
"160","Juszczyk","Kyle","RB","11367",26.07475,380,91,0.266868,"robust","KYLE JUSZCZYK"
"161","Murray","Latavius","RB","11390",107.832,128,37,65.7711012,"robust","LATAVIUS MURRAY"
"162","Bohanon","Tommy","RB","11408",1.011,492,168,0.9073512,"robust","TOMMY BOHANON"
"163","Anderson","C.J.","RB","11454",89.0415,173,46,13.4723862,"robust","C.J. ANDERSON"
"164","Line","Zach","RB","11474",5.565,452,134,0.504083999999998,"robust","ZACH LINE"
"165","Hyde","Carlos","RB","11657",83.33225,196,52,23.2783026,"robust","CARLOS HYDE"
"166","Freeman","Devonta","RB","11660",169.10125,36,22,17.361246,"robust","DEVONTA FREEMAN"
"167","Crowell","Isaiah","RB","11668",0,499,172,0,"robust","ISAIAH CROWELL"
"168","White","James","RB","11747",130.7925,64,29,23.187864,"robust","JAMES WHITE"
"169","McKinnon","Jerick","RB","11761",105.9605,131,38,53.2045836,"robust","JERICK MCKINNON"
"170","Blue","Alfred","RB","11834",50.0075,286,65,8.2625298,"robust","ALFRED BLUE"
"171","Williams","Damien","RB","11886",202.6605,14,13,19.7912274,"robust","DAMIEN WILLIAMS"
"172","Fluellen","David","RB","11894",6.971,446,128,6.567918,"robust","DAVID FLUELLEN"
"173","Perry","Senorise","RB","11964",2.19,478,157,1.623447,"robust","SENORISE PERRY"
"174","Smith","Keith","RB","12040",0.606,495,170,0.5752488,"robust","KEITH SMITH"
"175","Gurley","Todd","RB","12150",216.29,6,6,0.65975699999999,"robust","TODD GURLEY"
"176","Gordon","Melvin","RB","12151",203.20175,13,12,9.28107600000003,"robust","MELVIN GORDON"
"177","Coleman","Tevin","RB","12152",131.908,61,28,12.587274,"robust","TEVIN COLEMAN"
"178","Yeldon","T.J.","RB","12153",41.31775,322,78,4.722081,"robust","T.J. YELDON"
"179","Abdullah","Ameer","RB","12155",11.90925,433,116,2.2965474,"robust","AMEER ABDULLAH"
"180","Johnson","Duke","RB","12157",92.757,164,42,0.401784600000001,"robust","DUKE JOHNSON"
"181","Artis-Payne","Cameron","RB","12161",30.021,372,87,0.981481200000009,"robust","CAMERON ARTIS-PAYNE"
"182","Davis","Mike","RB","12164",83.864,194,51,27.4473738,"robust","MIKE DAVIS"
"183","Rawls","Thomas","RB","12169",9.1,442,124,6.634635,"robust","THOMAS RAWLS"
"184","Johnson","David","RB","12171",210.09075,9,9,16.130688,"robust","DAVID JOHNSON"
"185","Montgomery","Ty","RB","12261",34.0725,362,86,10.778502,"robust","TY MONTGOMERY"
"186","Zenner","Zach","RB","12264",44.50625,310,73,20.430228,"robust","ZACH ZENNER"
"187","Burton","Michael","RB","12325",3.49,468,149,2.587137,"robust","MICHAEL BURTON"
"188","Murphy","Marcus","RB","12367",0,499,172,0,"robust","MARCUS MURPHY"
"189","Brown","Malcolm","RB","12386",43.30125,314,74,8.028279,"robust","MALCOLM BROWN"
"190","Smith","Rod","RB","12444",18.123,408,101,11.4397416,"robust","ROD SMITH"
"191","Mostert","Raheem","RB","12447",11.87,434,117,8.799231,"robust","RAHEEM MOSTERT"
"192","Elliott","Ezekiel","RB","12625",245.16075,4,4,36.2302962,"robust","EZEKIEL ELLIOTT"
"193","Henry","Derrick","RB","12626",199.16275,17,14,16.38273,"robust","DERRICK HENRY"
"194","Prosise","C.J.","RB","12627",5.86,448,130,4.344018,"robust","C.J. PROSISE"
"195","Booker","Devontae","RB","12629",28.9165,375,89,12.7859424,"robust","DEVONTAE BOOKER"
"196","Drake","Kenyan","RB","12630",159.8055,40,24,29.4622272,"robust","KENYAN DRAKE"
"197","Perkins","Paul","RB","12631",12.285,430,114,6.990459,"robust","PAUL PERKINS"
"198","Dixon","Kenneth","RB","12632",45.32,304,71,29.13309,"robust","KENNETH DIXON"
"199","Howard","Jordan","RB","12634",129.22075,67,30,5.0823528,"robust","JORDAN HOWARD"
"200","Williams","Jonathan","RB","12635",3.26,470,150,2.416638,"robust","JONATHAN WILLIAMS"
"201","Smallwood","Wendell","RB","12636",50.6185,283,63,8.03272679999999,"robust","WENDELL SMALLWOOD"
"202","Barber","Peyton","RB","12637",127.22275,71,32,15.374562,"robust","PEYTON BARBER"
"203","Ervin","Tyler","RB","12639",3.7,465,146,2.74281,"robust","TYLER ERVIN"
"204","Ferguson","Josh","RB","12640",21.55,395,96,15.307845,"robust","JOSH FERGUSON"
"205","Farrow","Kenneth","RB","12642",3.7,465,146,2.74281,"robust","KENNETH FARROW"
"206","Janovich","Andy","RB","12806",1.2515,489,165,0.8851122,"robust","ANDY JANOVICH"
"207","Vitale","Dan","RB","12822",0,499,172,0,"robust","DAN VITALE"
"208","Watt","Derek","RB","12823",1.5955,483,161,1.4959434,"robust","DEREK WATT"
"209","Jackson","Darius","RB","12832",12.18,431,115,9.029034,"robust","DARIUS JACKSON"
"210","Washington","Dwayne","RB","12845",15.905,417,108,0.926625,"robust","DWAYNE WASHINGTON"
"211","Washington","DeAndre","RB","12857",23.59,391,94,16.842336,"robust","DEANDRE WASHINGTON"
"212","Marshall","Byron","RB","12864",0.1,498,171,0.07413,"robust","BYRON MARSHALL"
"213","Wilds","Brandon","RB","12867",2.84,473,153,2.105292,"robust","BRANDON WILDS"
"214","Foster","D.J.","RB","12871",4.18,460,141,3.098634,"robust","D.J. FOSTER"
"215","Richard","Jalen","RB","12912",87.7865,181,48,15.49317,"robust","JALEN RICHARD"
"216","Ham","C.J.","RB","12923",2.3945,474,154,1.3921614,"robust","C.J. HAM"
"217","Pope","Troymaine","RB","12929",4.17,461,142,3.091221,"robust","TROYMAINE POPE"
"218","Carson","Tra","RB","13057",5.78,450,132,4.284714,"robust","TRA CARSON"
"219","McKissic","J.D.","RB","13108",37.96175,349,80,3.76728660000001,"robust","J.D. MCKISSIC"
"220","Cook","Dalvin","RB","13128",208.01375,11,10,6.4152102,"robust","DALVIN COOK"
"221","Fournette","Leonard","RB","13129",188.6805,22,16,8.87484359999998,"robust","LEONARD FOURNETTE"
"222","McCaffrey","Christian","RB","13130",252.2515,2,2,25.3317036,"robust","CHRISTIAN MCCAFFREY"
"223","Mixon","Joe","RB","13131",205.868,12,11,1.70350740000004,"robust","JOE MIXON"
"224","Kamara","Alvin","RB","13132",246.35575,3,3,20.9031774,"robust","ALVIN KAMARA"
"225","Perine","Samaje","RB","13133",6.87,447,129,5.092731,"robust","SAMAJE PERINE"
"226","Foreman","D'Onta","RB","13134",55.445,263,61,37.932321,"robust","D'ONTA FOREMAN"
"227","Gallman","Wayne","RB","13135",37.56075,352,82,1.645686,"robust","WAYNE GALLMAN"
"228","Clement","Corey","RB","13136",46.199,297,68,7.49009520000001,"robust","COREY CLEMENT"
"229","Pumphrey","Donnel","RB","13137",0,499,172,0,"robust","DONNEL PUMPHREY"
"230","Hunt","Kareem","RB","13138",64.83875,243,60,3.15793799999999,"robust","KAREEM HUNT"
"231","Williams","Jamaal","RB","13139",84.93525,189,49,8.30255999999999,"robust","JAMAAL WILLIAMS"
"232","Dayes","Matthew","RB","13140",0,499,172,0,"robust","MATTHEW DAYES"
"233","Logan","T.J.","RB","13142",5.8475,449,131,0.127503599999998,"robust","T.J. LOGAN"
"234","McNichols","Jeremy","RB","13143",3.9,464,145,2.89107,"robust","JEREMY MCNICHOLS"
"235","McGuire","Elijah","RB","13144",38.93925,342,79,20.1292602,"robust","ELIJAH MCGUIRE"
"236","Conner","James","RB","13146",222.3855,5,5,14.6866356,"robust","JAMES CONNER"
"237","Ogunbowale","Dare","RB","13148",3.57,466,147,2.646441,"robust","DARE OGUNBOWALE"
"238","Davis","Justin","RB","13150",13.24,427,113,9.814812,"robust","JUSTIN DAVIS"
"239","Mack","Marlon","RB","13234",185.94075,24,18,2.73984480000002,"robust","MARLON MACK"
"240","Penny","Elijhaa","RB","13239",3.52,467,148,2.498181,"robust","ELIJHAA PENNY"
"241","Hill","Brian","RB","13240",42.33725,317,76,2.7442926,"robust","BRIAN HILL"
"242","Cohen","Tarik","RB","13290",119.74225,81,33,27.8447106,"robust","TARIK COHEN"
"243","Jones","Aaron","RB","13319",191.843,21,15,13.3745346,"robust","AARON JONES"
"244","Armah","Alexander","RB","13326",5.5165,454,136,4.8970278,"robust","ALEXANDER ARMAH"
"245","Henderson","De'Angelo","RB","13334",2.21,476,156,1.638273,"robust","DE'ANGELO HENDERSON"
"246","Mays","Devante","RB","13357",0,499,172,0,"robust","DEVANTE MAYS"
"247","Muhammad","Khalfani","RB","13359",0,499,172,0,"robust","KHALFANI MUHAMMAD"
"248","Carson","Chris","RB","13364",174.73125,32,20,45.197061,"robust","CHRIS CARSON"
"249","Breida","Matt","RB","13378",89.0425,172,45,2.09787899999999,"robust","MATT BREIDA"
"250","Ekeler","Austin","RB","13404",111.91325,112,36,9.310728,"robust","AUSTIN EKELER"
"251","Edmunds","Trey","RB","13452",13.36,426,112,9.903768,"robust","TREY EDMUNDS"
"252","Ricard","Patrick","RB","13455",4.47,457,138,3.313611,"robust","PATRICK RICARD"
"253","Flowers","Quinton","RB","13603",0,499,172,0,"robust","QUINTON FLOWERS"
"254","Barkley","Saquon","RB","13604",275.11325,1,1,23.6875002,"robust","SAQUON BARKLEY"
"255","Guice","Derrius","RB","13605",128.42725,69,31,8.76513119999999,"robust","DERRIUS GUICE"
"256","Jones","Ronald","RB","13606",66.3185,239,58,10.5057036,"robust","RONALD JONES"
"257","Michel","Sony","RB","13607",184.08775,26,19,24.9566058,"robust","SONY MICHEL"
"258","Penny","Rashaad","RB","13608",114.0215,100,35,29.5393224,"robust","RASHAAD PENNY"
"259","Chubb","Nick","RB","13610",212.15775,7,7,8.851122,"robust","NICK CHUBB"
"260","Adams","Josh","RB","13611",17.685,411,104,3.610131,"robust","JOSH ADAMS"
"261","Johnson","Kerryon","RB","13612",187.01375,23,17,4.98894900000001,"robust","KERRYON JOHNSON"
"262","Samuels","Jaylen","RB","13613",92.9675,163,41,1.77911999999998,"robust","JAYLEN SAMUELS"
"263","Lindsay","Phillip","RB","13614",170.9095,34,21,26.1293424,"robust","PHILLIP LINDSAY"
"264","Scarbrough","Bo","RB","13615",0,499,172,0,"robust","BO SCARBROUGH"
"265","Walton","Mark","RB","13616",11.27,435,118,8.132061,"robust","MARK WALTON"
"266","Freeman","Royce","RB","13617",91.33875,169,43,0.0741299999999958,"robust","ROYCE FREEMAN"
"267","Kelly","John","RB","13619",18.17,407,100,11.757018,"robust","JOHN KELLY"
"268","Jackson","Justin","RB","13620",46.144,299,69,11.5909668,"robust","JUSTIN JACKSON"
"269","Ballage","Kalen","RB","13621",81.09925,200,53,7.413,"robust","KALEN BALLAGE"
"270","Hines","Nyheim","RB","13622",94.8915,160,40,7.21136640000001,"robust","NYHEIM HINES"
"271","Williams","Darrel","RB","13623",10.63875,437,120,3.6427482,"robust","DARREL WILLIAMS"
"272","Webb","Ralph","RB","13625",0,499,172,0,"robust","RALPH WEBB"
"273","Thomas","Roc","RB","13628",0,499,172,0,"robust","ROC THOMAS"
"274","Edmonds","Chase","RB","13726",43.2485,315,75,28.9107,"robust","CHASE EDMONDS"
"275","Smith","Ito","RB","13768",84.50775,190,50,9.65024340000002,"robust","ITO SMITH"
"276","Wilkins","Jordan","RB","13789",48.745,290,67,40.111743,"robust","JORDAN WILKINS"
"277","Smith","Tremon","RB","13811",4.19,459,140,0,"robust","TREMON SMITH"
"278","Scott","Boston","RB","13814",3.95,463,144,2.928135,"robust","BOSTON SCOTT"
"279","Cannon","Trenton","RB","13816",20.805,399,99,12.980163,"robust","TRENTON CANNON"
"280","Williams","David","RB","13830",0,499,172,0,"robust","DAVID WILLIAMS"
"281","Bawden","Nick","RB","13838",1.178,490,166,0.2312856,"robust","NICK BAWDEN"
"282","Nall","Ryan","RB","13849",0,499,172,0,"robust","RYAN NALL"
"283","Edwards","Gus","RB","13850",79.90775,202,54,15.3315666,"robust","GUS EDWARDS"
"284","Boone","Mike","RB","13868",8.565,443,125,3.372915,"robust","MIKE BOONE"
"285","Hilliard","Dontrell","RB","13871",13.5965,425,111,12.7459122,"robust","DONTRELL HILLIARD"
"286","Wilson","Shaun","RB","13874",5.52,453,135,4.091976,"robust","SHAUN WILSON"
"287","Thompson","Mark","RB","13875",0,499,172,0,"robust","MARK THOMPSON"
"288","Newsome","Detrez","RB","13891",9.82,440,123,3.454458,"robust","DETREZ NEWSOME"
"289","Howell","Buddy","RB","13916",0.79,494,169,0.585627,"robust","BUDDY HOWELL"
"290","Ortiz","Ricky","RB","13924",1.6485,482,160,1.4188482,"robust","RICKY ORTIZ"
"291","Turner","De'Lance","RB","13958",3.09,471,151,2.290617,"robust","DE'LANCE TURNER"
"292","Dawkins","Dalyn","RB","13961",0,499,172,0,"robust","DALYN DAWKINS"
"293","Wilson","Jeffery","RB","14017",10.48,438,121,5.085318,"robust","JEFFERY WILSON"
"294","Ford","Keith","RB","14029",0,499,172,0,"robust","KEITH FORD"
"295","Montgomery","David","RB","14071",149.71975,49,27,17.4190674,"robust","DAVID MONTGOMERY"
"296","Snell","Benny","RB","14072",17.82,410,103,0,"robust","BENNY SNELL"
"297","Jacobs","Josh","RB","14073",163.84275,38,23,6.51009660000003,"robust","JOSH JACOBS"
"298","Williams","Dexter","RB","14074",21.27,397,98,0,"robust","DEXTER WILLIAMS"
"299","Harris","Damien","RB","14075",50.4805,284,64,21.4398786,"robust","DAMIEN HARRIS"
"300","Williams","Trayveon","RB","14076",14.506,421,109,6.2654676,"robust","TRAYVEON WILLIAMS"
"301","Weber","Mike","RB","14077",2.23,475,155,0,"robust","MIKE WEBER"
"302","Higdon","Karan","RB","14078",4.53,456,137,0,"robust","KARAN HIGDON"
"303","Sanders","Miles","RB","14079",91.27275,170,44,32.4704226,"robust","MILES SANDERS"
"304","Singletary","Devin","RB","14080",42.228,318,77,1.83842399999999,"robust","DEVIN SINGLETARY"
"305","Gaskin","Myles","RB","14081",-0.77,501,173,0,"robust","MYLES GASKIN"
"306","Love","Bryce","RB","14082",4.15,462,143,0,"robust","BRYCE LOVE"
"307","Homer","Travis","RB","14083",13.67,424,110,0,"robust","TRAVIS HOMER"
"308","Pollard","Tony","RB","14085",22.1875,393,95,12.3092865,"robust","TONY POLLARD"
"309","Hill","Justice","RB","14086",46.057,300,70,8.7903354,"robust","JUSTICE HILL"
"310","Henderson","Darrell","RB","14087",79.71,203,55,26.286498,"robust","DARRELL HENDERSON"
"311","Anderson","Rodney","RB","14088",34.6,360,85,0,"robust","RODNEY ANDERSON"
"312","Armstead","Ryquell","RB","14093",24.09,388,92,0,"robust","RYQUELL ARMSTEAD"
"313","Scarlett","Jordan","RB","14094",5.628,451,133,6.8674032,"robust","JORDAN SCARLETT"
"314","Johnson","Ty","RB","14095",7.325,445,127,3.283959,"robust","TY JOHNSON"
"315","Ozigbo","Devine","RB","14096",0,499,172,0,"robust","DEVINE OZIGBO"
"316","Ollison","Qadree","RB","14097",17.68,412,105,0,"robust","QADREE OLLISON"
"317","Crockett","Damarea","RB","14098",21.52,396,97,5.841444,"robust","DAMAREA CROCKETT"
"318","Hall","Darrin","RB","14099",0,499,172,0,"robust","DARRIN HALL"
"319","Wade","Christian","RB","14194",0,499,172,0,"robust","CHRISTIAN WADE"
"320","Mattison","Alexander","RB","14223",44.966,306,72,3.91406399999999,"robust","ALEXANDER MATTISON"
"321","Thompson","Darwin","RB","14284",37.715,351,81,16.345665,"robust","DARWIN THOMPSON"
"322","Gillaspia","Cullen","RB","14287",0,499,172,0,"robust","CULLEN GILLASPIA"
"323","Whyte","Kerrith","RB","14289",0,499,172,0,"robust","KERRITH WHYTE"
"324","Cox","Chandler","RB","14295",0,499,172,0,"robust","CHANDLER COX"
"325","Anderson","Bruce","RB","14314",8.28,444,126,6.026769,"robust","BRUCE ANDERSON"
"326","Johnson","D'Ernest","RB","14331",0,499,172,0,"robust","D'ERNEST JOHNSON"
"327","Hills","Wes","RB","14333",0,499,172,0,"robust","WES HILLS"
"328","Nix","Roosevelt","RB","4397",1.355,486,163,0.489258,"robust","ROOSEVELT NIX"
"329","Gore","Frank","RB","7877",51.1555,282,62,11.3329944,"robust","FRANK GORE"
"330","Sproles","Darren","RB","7942",18.09025,409,102,0.385475999999997,"robust","DARREN SPROLES"
"331","Peterson","Adrian","RB","8658",88.44,177,47,4.121628,"robust","ADRIAN PETERSON"
"332","McCoy","LeSean","RB","9448",119.087,83,34,15.063216,"robust","LESEAN MCCOY"
"333","Paulsen","Logan","TE","10123",14.341,331,87,9.6487608,"robust","LOGAN PAULSEN"
"334","Rudolph","Kyle","TE","10312",76.7155,144,19,1.890315,"robust","KYLE RUDOLPH"
"335","Kendricks","Lance","TE","10318",14.9355,325,81,4.89258,"robust","LANCE KENDRICKS"
"336","Stocker","Luke","TE","10354",28.755,266,54,12.943098,"robust","LUKE STOCKER"
"337","Smith","Lee","TE","10398",0,382,104,0,"robust","LEE SMITH"
"338","Clay","Charles","TE","10409",41.93725,234,41,16.286361,"robust","CHARLES CLAY"
"339","Green","Virgil","TE","10432",25.3565,281,63,5.722836,"robust","VIRGIL GREEN"
"340","Allen","Dwayne","TE","10742",0,382,104,0,"robust","DWAYNE ALLEN"
"341","Ellison","Rhett","TE","10838",28.1405,269,56,4.96671,"robust","RHETT ELLISON"
"342","Carrier","Derek","TE","10940",18.605,311,73,13.032054,"robust","DEREK CARRIER"
"343","Celek","Garrett","TE","11007",29.115,264,52,1.48260000000001,"robust","GARRETT CELEK"
"344","Kelce","Travis","TE","11244",183.8505,10,1,0.364719600000014,"robust","TRAVIS KELCE"
"345","Ertz","Zach","TE","11247",146.47725,33,3,16.16034,"robust","ZACH ERTZ"
"346","Reed","Jordan","TE","11248",93.2745,82,11,4.27730100000001,"robust","JORDAN REED"
"347","Eifert","Tyler","TE","11250",66.6385,166,20,9.629487,"robust","TYLER EIFERT"
"348","Toilolo","Levine","TE","11252",21.00125,294,67,6.9867525,"robust","LEVINE TOILOLO"
"349","McDonald","Vance","TE","11257",98.17975,76,8,3.7843365,"robust","VANCE MCDONALD"
"350","Fells","Darren","TE","11337",0,382,104,0,"robust","DARREN FELLS"
"351","Willson","Luke","TE","11381",15.83375,319,77,8.065344,"robust","LUKE WILLSON"
"352","Griffin","Ryan","TE","11399",28.16525,268,55,11.593932,"robust","RYAN GRIFFIN"
"353","Harris","Demetrius","TE","11448",27.62275,270,57,7.220262,"robust","DEMETRIUS HARRIS"
"354","Doyle","Jack","TE","11516",79.911,133,17,13.610268,"robust","JACK DOYLE"
"355","Hill","Josh","TE","11529",20.89325,295,68,8.3307294,"robust","JOSH HILL"
"356","Thomas","Logan","TE","11647",0,382,104,0,"robust","LOGAN THOMAS"
"357","Ebron","Eric","TE","11695",94.852,80,10,20.2701072,"robust","ERIC EBRON"
"358","Grimble","Xavier","TE","11701",23.0195,288,64,12.891207,"robust","XAVIER GRIMBLE"
"359","Burton","Trey","TE","11705",80.998,129,16,5.6716863,"robust","TREY BURTON"
"360","Rodgers","Richard","TE","11785",13.7705,337,91,10.4871711,"robust","RICHARD RODGERS"
"361","Brate","Cameron","TE","12110",55.009,201,27,13.869723,"robust","CAMERON BRATE"
"362","Simonson","Scott","TE","12138",0,382,104,0,"robust","SCOTT SIMONSON"
"363","Mayle","Vince","TE","12196",-0.01,383,105,0.007413,"robust","VINCE MAYLE"
"364","Williams","Maxx","TE","12206",22.692,291,66,10.326309,"robust","MAXX WILLIAMS"
"365","O'Leary","Nick","TE","12207",25.62425,280,62,14.040222,"robust","NICK O'LEARY"
"366","Heuerman","Jeff","TE","12208",47.46425,215,31,16.1484792,"robust","JEFF HEUERMAN"
"367","Koyack","Ben","TE","12209",0,382,104,0,"robust","BEN KOYACK"
"368","Walford","Clive","TE","12210",9.405,357,99,6.241746,"robust","CLIVE WALFORD"
"369","James","Jesse","TE","12211",43.4325,232,39,9.5353419,"robust","JESSE JAMES"
"370","Kroft","Tyler","TE","12212",29.5595,262,51,5.300295,"robust","TYLER KROFT"
"371","Bell","Blake","TE","12213",15.497,321,79,3.476697,"robust","BLAKE BELL"
"372","Waller","Darren","TE","12263",53.45275,204,28,5.292882,"robust","DARREN WALLER"
"373","Pruitt","MyCole","TE","12309",14.665,328,84,4.551582,"robust","MYCOLE PRUITT"
"374","Uzomah","C.J.","TE","12317",45.1335,225,35,11.126913,"robust","C.J. UZOMAH"
"375","Boyle","Nick","TE","12328",18.65925,308,71,1.33434,"robust","NICK BOYLE"
"376","O'Shaughnessy","James","TE","12330",27.258,273,59,1.875489,"robust","JAMES O'SHAUGHNESSY"
"377","Derby","A.J.","TE","12351",14.747,326,82,12.30558,"robust","A.J. DERBY"
"378","Swaim","Geoff","TE","12378",43.999,230,37,3.3143523,"robust","GEOFF SWAIM"
"379","Holmes","Gabe","TE","12499",0,382,104,0,"robust","GABE HOLMES"
"380","Tye","Will","TE","12532",0,382,104,0,"robust","WILL TYE"
"381","Brown","Daniel","TE","12585",-0.15,384,106,0,"robust","DANIEL BROWN"
"382","LaCosse","Matt","TE","12596",45.395,223,34,13.0416909,"robust","MATT LACOSSE"
"383","Henry","Hunter","TE","12676",105.973,62,7,10.9082295,"robust","HUNTER HENRY"
"384","Hooper","Austin","TE","12677",82.192,127,15,3.988194,"robust","AUSTIN HOOPER"
"385","Higbee","Tyler","TE","12678",41.72,235,42,4.6323837,"robust","TYLER HIGBEE"
"386","Vannett","Nick","TE","12680",30.2085,260,50,1.919967,"robust","NICK VANNETT"
"387","Adams","Jerell","TE","12681",0,382,104,0,"robust","JERELL ADAMS"
"388","Perkins","Joshua","TE","12685",-0.15,384,106,0.22239,"robust","JOSHUA PERKINS"
"389","DeValve","Seth","TE","12792",12.00475,350,98,7.739172,"robust","SETH DEVALVE"
"390","Hemingway","Temarrick","TE","12807",0,382,104,0,"robust","TEMARRICK HEMINGWAY"
"391","Morgan","David","TE","12816",0,382,104,0,"robust","DAVID MORGAN"
"392","Gathers","Rico","TE","12833",0,382,104,0,"robust","RICO GATHERS"
"393","Anderson","Stephen","TE","12859",14.0105,334,89,8.391516,"robust","STEPHEN ANDERSON"
"394","Braunecker","Ben","TE","12868",0,382,104,0,"robust","BEN BRAUNECKER"
"395","Travis","Ross","TE","12898",0,382,104,0,"robust","ROSS TRAVIS"
"396","Wick","Cole","TE","12899",0,382,104,0,"robust","COLE WICK"
"397","Manhertz","Chris","TE","12955",12.14425,348,97,8.628732,"robust","CHRIS MANHERTZ"
"398","Tomlinson","Eric","TE","13065",13.1815,341,93,10.1513622,"robust","ERIC TOMLINSON"
"399","Ellis","Alex","TE","13067",0,382,104,0,"robust","ALEX ELLIS"
"400","Howard","O.J.","TE","13188",121.75475,50,4,8.910426,"robust","O.J. HOWARD"
"401","Engram","Evan","TE","13189",121.23175,51,5,2.0148534,"robust","EVAN ENGRAM"
"402","Butt","Jake","TE","13190",18.63625,309,72,9.629487,"robust","JAKE BUTT"
"403","Hodges","Bucky","TE","13191",0,382,104,0,"robust","BUCKY HODGES"
"404","Njoku","David","TE","13192",94.857,79,9,8.53088040000001,"robust","DAVID NJOKU"
"405","Smith","Jonnu","TE","13193",35.487,249,45,11.801496,"robust","JONNU SMITH"
"406","Sprinkle","Jeremy","TE","13194",-0.15,384,106,0,"robust","JEREMY SPRINKLE"
"407","Leggett","Jordan","TE","13195",0,382,104,0,"robust","JORDAN LEGGETT"
"408","Everett","Gerald","TE","13236",48.69975,212,30,2.07934649999999,"robust","GERALD EVERETT"
"409","Alie-Cox","Mo","TE","13246",27.272,272,58,13.0038846,"robust","MO ALIE-COX"
"410","Shaheen","Adam","TE","13254",30.875,258,49,6.2172831,"robust","ADAM SHAHEEN"
"411","Kittle","George","TE","13299",157.78675,27,2,6.7035759,"robust","GEORGE KITTLE"
"412","Saubert","Eric","TE","13315",3.895,373,103,1.149015,"robust","ERIC SAUBERT"
"413","Schreck","Mason","TE","13366",0,382,104,0,"robust","MASON SCHRECK"
"414","Carter","Cethan","TE","13369",0,382,104,0,"robust","CETHAN CARTER"
"415","Seals-Jones","Ricky","TE","13382",38.84675,244,43,2.4966984,"robust","RICKY SEALS-JONES"
"416","Hollister","Jacob","TE","13391",15.15225,323,80,12.08319,"robust","JACOB HOLLISTER"
"417","Daniels","Darrell","TE","13396",0,382,104,0,"robust","DARRELL DANIELS"
"418","Tonyan","Robert","TE","13427",19.015,307,70,16.857162,"robust","ROBERT TONYAN"
"419","Culkin","Sean","TE","13438",0,382,104,0,"robust","SEAN CULKIN"
"420","Auclair","Antony","TE","13445",9.1775,359,101,6.493788,"robust","ANTONY AUCLAIR"
"421","Baylis","Evan","TE","13476",0,382,104,0,"robust","EVAN BAYLIS"
"422","Hikutini","Cole","TE","13511",0,382,104,0,"robust","COLE HIKUTINI"
"423","Griffin","Garrett","TE","13546",17.4375,313,75,14.788935,"robust","GARRETT GRIFFIN"
"424","Vander Laan","Jason","TE","13549",0,382,104,0,"robust","JASON VANDER LAAN"
"425","Andrews","Mark","TE","13671",92.3005,85,12,6.0697644,"robust","MARK ANDREWS"
"426","Gesicki","Mike","TE","13672",43.6275,231,38,11.801496,"robust","MIKE GESICKI"
"427","Fumagalli","Troy","TE","13673",5.105,369,102,3.921477,"robust","TROY FUMAGALLI"
"428","Goedert","Dallas","TE","13674",60.5995,184,24,13.402704,"robust","DALLAS GOEDERT"
"429","Conklin","Tyler","TE","13675",12.96,343,94,8.221017,"robust","TYLER CONKLIN"
"430","Smythe","Durham","TE","13676",-0.15,384,106,0.22239,"robust","DURHAM SMYTHE"
"431","Thomas","Ian","TE","13678",46.00525,220,32,6.567918,"robust","IAN THOMAS"
"432","Herndon","Chris","TE","13679",63.135,175,22,14.025396,"robust","CHRIS HERNDON"
"433","Hurst","Hayden","TE","13680",42.9435,233,40,13.9394052,"robust","HAYDEN HURST"
"434","Jarwin","Blake","TE","13722",44.308,228,36,10.8059301,"robust","BLAKE JARWIN"
"435","Brown","Billy","TE","13728",0,382,104,0,"robust","BILLY BROWN"
"436","Akins","Jordan","TE","13753",34.57425,251,46,8.5961148,"robust","JORDAN AKINS"
"437","Dissly","Will","TE","13763",59.27675,188,25,6.567918,"robust","WILL DISSLY"
"438","Schultz","Dalton","TE","13772",14.66775,327,83,2.2817214,"robust","DALTON SCHULTZ"
"439","Thomas","Jordan","TE","13819",37.6355,247,44,8.30256,"robust","JORDAN THOMAS"
"440","Izzo","Ryan","TE","13847",0,382,104,0,"robust","RYAN IZZO"
"441","Yelder","Deon","TE","13857",9.3945,358,100,4.3573614,"robust","DEON YELDER"
"442","Hunt","Cole","TE","13872",0,382,104,0,"robust","COLE HUNT"
"443","Arnold","Dan","TE","13880",16.7825,316,76,13.8245037,"robust","DAN ARNOLD"
"444","Croom","Jason","TE","13890",31.49075,255,48,17.924634,"robust","JASON CROOM"
"445","Firkser","Anthony","TE","13919",22.992,289,65,8.6027865,"robust","ANTHONY FIRKSER"
"446","Mundt","Johnny","TE","13940",0,382,104,0,"robust","JOHNNY MUNDT"
"447","Dwelley","Ross","TE","13988",14.0715,332,88,5.2765734,"robust","ROSS DWELLEY"
"448","Franks","Jordan","TE","13995",12.795,344,95,10.956414,"robust","JORDAN FRANKS"
"449","Fant","Noah","TE","14137",58.114,192,26,10.97124,"robust","NOAH FANT"
"450","Hockenson","T.J.","TE","14138",64.1035,171,21,14.01057,"robust","T.J. HOCKENSON"
"451","Mack","Alize","TE","14139",13.905,336,90,5.329947,"robust","ALIZE MACK"
"452","Sternberger","Jace","TE","14140",32.49075,252,47,19.12554,"robust","JACE STERNBERGER"
"453","Smith Jr.","Irv","TE","14141",28.935,265,53,17.465028,"robust","IRV SMITH"
"454","Smith","Kaden","TE","14142",14.58,329,85,5.663532,"robust","KADEN SMITH"
"455","Knox","Dawson","TE","14143",15.5095,320,78,9.93342,"robust","DAWSON KNOX"
"456","Nauta","Isaac","TE","14144",13.65,338,92,5.26323,"robust","ISAAC NAUTA"
"457","Sample","Drew","TE","14146",18.382,312,74,5.129796,"robust","DREW SAMPLE"
"458","Warring","Kahale","TE","14195",-1.5,387,108,1.11195,"robust","KAHALE WARRING"
"459","Oliver","Josh","TE","14209",26.61025,275,60,18.480609,"robust","JOSH OLIVER"
"460","Wesco","Trevon","TE","14231",-0.3,385,107,0,"robust","TREVON WESCO"
"461","Moreau","Foster","TE","14239",12.39725,347,96,7.427826,"robust","FOSTER MOREAU"
"462","Gentry","Zach","TE","14240",14.39325,330,86,4.811037,"robust","ZACH GENTRY"
"463","Beck","Andrew","TE","14319",0,382,104,0,"robust","ANDREW BECK"
"464","Raymond","Dax","TE","14324",NA,NA,NA,0,"robust","DAX RAYMOND"
"465","Witten","Jason","TE","6997",61.298,183,23,7.76141099999999,"robust","JASON WITTEN"
"466","Watson","Ben","TE","7422",45.57575,221,33,6.5953461,"robust","BEN WATSON"
"467","Davis","Vernon","TE","8247",50.74875,207,29,5.129796,"robust","VERNON DAVIS"
"468","Lewis","Marcedes","TE","8269",20.70775,296,69,8.717688,"robust","MARCEDES LEWIS"
"469","Walker","Delanie","TE","8416",91.3545,88,13,3.79842120000001,"robust","DELANIE WALKER"
"470","Olsen","Greg","TE","8687",83.6915,119,14,9.866703,"robust","GREG OLSEN"
"471","Cook","Jared","TE","9474",113.381,56,6,6.42855360000001,"robust","JARED COOK"
"472","Dickson","Ed","TE","9912",26.1305,277,61,8.725101,"robust","ED DICKSON"
"473","Graham","Jimmy","TE","9925",77.902,137,18,9.39004709999999,"robust","JIMMY GRAHAM"
"474","Green","A.J.","WR","10261",132.4735,65,24,1.527078,"robust","A.J. GREEN"
"475","Jones","Julio","WR","10271",204.515,15,1,3.04674299999999,"robust","JULIO JONES"
"476","Smith","Torrey","WR","10289",22.77575,402,134,10.6198638,"robust","TORREY SMITH"
"477","Cobb","Randall","WR","10308",68.23025,240,85,2.59455000000001,"robust","RANDALL COBB"
"478","Harris","Dwayne","WR","10410",0.77,508,164,0.570801,"robust","DWAYNE HARRIS"
"479","Robinson","Aldrick","WR","10412",0.01,531,187,0.007413,"robust","ALDRICK ROBINSON"
"480","Pryor","Terrelle","WR","10500",0,532,188,0,"robust","TERRELLE PRYOR"
"481","Floyd","Michael","WR","10721",0,532,188,0,"robust","MICHAEL FLOYD"
"482","Jeffery","Alshon","WR","10722",131.56875,68,25,7.160958,"robust","ALSHON JEFFERY"
"483","Sanu","Mohamed","WR","10723",113.825,114,39,6.54864419999998,"robust","MOHAMED SANU"
"484","Hilton","T.Y.","WR","10729",169.2425,37,11,9.9423156,"robust","T.Y. HILTON"
"485","Wright","Jarius","WR","10734",35.18475,367,120,8.6302146,"robust","JARIUS WRIGHT"
"486","Quick","Brian","WR","10735",0.044,524,180,0.0326172,"robust","BRIAN QUICK"
"487","Benjamin","Travis","WR","10737",50.811,293,100,1.13863680000001,"robust","TRAVIS BENJAMIN"
"488","Jones","Marvin","WR","10738",119.986,89,32,6.15279000000001,"robust","MARVIN JONES"
"489","Thompson","Deonte","WR","10956",-0.01,533,189,0.007413,"robust","DEONTE THOMPSON"
"490","Gordon","Josh","WR","10960",116.455,101,37,4.21058399999998,"robust","JOSH GORDON"
"491","Beasley","Cole","WR","10973",63.8985,250,88,9.510879,"robust","COLE BEASLEY"
"492","Hogan","Chris","WR","10983",54.61475,278,96,10.422678,"robust","CHRIS HOGAN"
"493","Kearse","Jermaine","WR","11076",0,532,188,0,"robust","JERMAINE KEARSE"
"494","Bellamy","Josh","WR","11104",0.0305,526,182,0.014826,"robust","JOSH BELLAMY"
"495","Austin","Tavon","WR","11213",26.76375,389,128,1.356579,"robust","TAVON AUSTIN"
"496","Allen","Keenan","WR","11222",172.97275,35,10,2.172009,"robust","KEENAN ALLEN"
"497","Patterson","Cordarrelle","WR","11225",43.7715,324,106,12.9253068,"robust","CORDARRELLE PATTERSON"
"498","Stills","Kenny","WR","11227",103.8175,147,46,2.542659,"robust","KENNY STILLS"
"499","Woods","Robert","WR","11228",158.8595,42,14,13.41753,"robust","ROBERT WOODS"
"500","Hopkins","DeAndre","WR","11232",202.853,16,2,10.793328,"robust","DEANDRE HOPKINS"
"501","Shepard","Russell","WR","11237",0.016,530,186,0.014826,"robust","RUSSELL SHEPARD"
"502","Goodwin","Marquise","WR","11239",104.01375,146,45,6.61239599999999,"robust","MARQUISE GOODWIN"
"503","Butler","Brice","WR","11406",0,532,188,0,"robust","BRICE BUTLER"
"504","Johnson","Charles","WR","11409",0,532,188,0,"robust","CHARLES JOHNSON"
"505","Brown","Jaron","WR","11456",28.84825,381,126,15.8593722,"robust","JARON BROWN"
"506","Golden","Brittan","WR","11570",0,532,188,0,"robust","BRITTAN GOLDEN"
"507","Williams","Nick","WR","11600",0,532,188,0,"robust","NICK WILLIAMS"
"508","Watkins","Sammy","WR","11670",129.04875,73,28,12.0646575,"robust","SAMMY WATKINS"
"509","Evans","Mike","WR","11671",187.4435,25,6,4.0808565,"robust","MIKE EVANS"
"510","Lee","Marqise","WR","11672",94.139,168,54,1.5611778,"robust","MARQISE LEE"
"511","Cooks","Brandin","WR","11674",160.079,41,13,0.352858799999999,"robust","BRANDIN COOKS"
"512","Adams","Davante","WR","11675",199.36475,18,3,6.1861485,"robust","DAVANTE ADAMS"
"513","Matthews","Jordan","WR","11676",41.21,345,111,44.611434,"robust","JORDAN MATTHEWS"
"514","Moncrief","Donte","WR","11677",101.95425,152,48,14.648088,"robust","DONTE MONCRIEF"
"515","Robinson","Allen","WR","11678",126.58425,77,31,6.8088405,"robust","ALLEN ROBINSON"
"516","Beckham","Odell","WR","11679",184.45375,28,7,17.153682,"robust","ODELL BECKHAM"
"517","Landry","Jarvis","WR","11680",127.9355,74,29,7.93784040000001,"robust","JARVIS LANDRY"
"518","Richardson","Paul","WR","11681",84.83875,198,67,0.84508199999999,"robust","PAUL RICHARDSON"
"519","Jones","T.J.","WR","11686",0.099,516,172,0.0733887,"robust","T.J. JONES"
"520","Latimer","Cody","WR","11758",55.514,274,94,18.2997318,"robust","CODY LATIMER"
"521","Brown","John","WR","11783",95.48175,165,52,25.011462,"robust","JOHN BROWN"
"522","Grant","Ryan","WR","11812",29.26675,379,125,5.03046180000001,"robust","RYAN GRANT"
"523","Enunwa","Quincy","WR","11850",77.856,210,72,9.02458620000001,"robust","QUINCY ENUNWA"
"524","Wilson","Albert","WR","11890",96.42925,162,51,8.717688,"robust","ALBERT WILSON"
"525","Hurns","Allen","WR","11925",28.225,386,127,15.233715,"robust","ALLEN HURNS"
"526","Fowler","Bennie","WR","11931",0.052,521,177,0.0385476,"robust","BENNIE FOWLER"
"527","Thielen","Adam","WR","11938",164.1345,39,12,17.702244,"robust","ADAM THIELEN"
"528","Snead","Willie","WR","11951",67.75675,242,86,2.86883100000002,"robust","WILLIE SNEAD"
"529","Inman","Dontrelle","WR","11957",3.635,493,154,3.165351,"robust","DONTRELLE INMAN"
"530","Gabriel","Taylor","WR","11975",81.8155,205,69,6.49378799999999,"robust","TAYLOR GABRIEL"
"531","Ross","Rashad","WR","12038",0,532,188,0,"robust","RASHAD ROSS"
"532","Cooper","Amari","WR","12175",156.953,44,15,10.103919,"robust","AMARI COOPER"
"533","Parker","DeVante","WR","12176",89.17525,185,60,13.93644,"robust","DEVANTE PARKER"
"534","White","Kevin","WR","12177",22.3395,403,135,4.1527626,"robust","KEVIN WHITE"
"535","Strong","Jaelen","WR","12179",0,532,188,0,"robust","JAELEN STRONG"
"536","Agholor","Nelson","WR","12181",78.381,209,71,27.1004454,"robust","NELSON AGHOLOR"
"537","Smith","Devin","WR","12182",0,532,188,0,"robust","DEVIN SMITH"
"538","Crowder","Jamison","WR","12184",91.20175,178,57,2.83176600000001,"robust","JAMISON CROWDER"
"539","Hardy","Justin","WR","12185",22.8995,401,133,0.342480600000002,"robust","JUSTIN HARDY"
"540","Diggs","Stefon","WR","12186",154.0395,47,17,6.7777059,"robust","STEFON DIGGS"
"541","Lockett","Tyler","WR","12187",146.355,53,18,21.660786,"robust","TYLER LOCKETT"
"542","Dorsett","Phillip","WR","12188",48.43775,303,104,23.4043236,"robust","PHILLIP DORSETT"
"543","Perriman","Breshad","WR","12197",69.79025,238,84,19.1559333,"robust","BRESHAD PERRIMAN"
"544","Funchess","Devin","WR","12205",94.64875,167,53,20.496945,"robust","DEVIN FUNCHESS"
"545","Conley","Chris","WR","12257",47.881,305,105,0.252042000000003,"robust","CHRIS CONLEY"
"546","McBride","Tre","WR","12260",0,532,188,0,"robust","TRE MCBRIDE"
"547","Nelson","J.J.","WR","12319",4.1625,485,152,0.681996,"robust","J.J. NELSON"
"548","Davis","Geremy","WR","12338",0.121,514,170,0.0896973,"robust","GEREMY DAVIS"
"549","Williams","Tyrell","WR","12391",98.063,159,50,15.5139264,"robust","TYRELL WILLIAMS"
"550","Carter","DeAndre","WR","12394",21.8575,404,136,6.686526,"robust","DEANDRE CARTER"
"551","Taylor","Jordan","WR","12398",11.99,441,147,15.389388,"robust","JORDAN TAYLOR"
"552","Kumerow","Jake","WR","12443",19.74,413,139,0.416610600000003,"robust","JAKE KUMEROW"
"553","Byrd","Damiere","WR","12464",0.02,529,185,0.014826,"robust","DAMIERE BYRD"
"554","Meredith","Cameron","WR","12465",0,532,188,0,"robust","CAMERON MEREDITH"
"555","Roberts","Seth","WR","12471",48.9675,298,101,13.743702,"robust","SETH ROBERTS"
"556","Humphries","Adam","WR","12505",85.37925,197,66,20.4057651,"robust","ADAM HUMPHRIES"
"557","Jennings","Darius","WR","12586",8.255,455,148,0.978515999999999,"robust","DARIUS JENNINGS"
"558","Reynolds","Keenan","WR","12638",0,532,188,0,"robust","KEENAN REYNOLDS"
"559","Treadwell","Laquon","WR","12645",36.17925,364,117,1.2216624,"robust","LAQUON TREADWELL"
"560","Coleman","Corey","WR","12646",0,532,188,0,"robust","COREY COLEMAN"
"561","Fuller","Will","WR","12647",115.656,105,38,6.5264052,"robust","WILL FULLER"
"562","Doctson","Josh","WR","12648",74.98825,219,79,5.611641,"robust","JOSH DOCTSON"
"563","Lewis","Roger","WR","12649",0,532,188,0,"robust","ROGER LEWIS"
"564","Boyd","Tyler","WR","12650",138.2395,58,22,7.79106299999999,"robust","TYLER BOYD"
"565","Miller","Braxton","WR","12651",21.555,405,137,16.390143,"robust","BRAXTON MILLER"
"566","Thomas","Michael","WR","12652",183.2035,29,8,10.148397,"robust","MICHAEL THOMAS"
"567","Higgins","Rashard","WR","12656",70.29625,236,82,13.358226,"robust","RASHARD HIGGINS"
"568","Sharpe","Tajae","WR","12657",21.34025,406,138,0.340998000000001,"robust","TAJAE SHARPE"
"569","Shepard","Sterling","WR","12658",119.6325,92,34,10.563525,"robust","STERLING SHEPARD"
"570","Cooper","Pharoh","WR","12660",1.22,504,160,1.801359,"robust","PHAROH COOPER"
"571","Allison","Geronimo","WR","12665",91.3055,176,56,4.53675600000001,"robust","GERONIMO ALLISON"
"572","Williams","Duke","WR","12667",0,532,188,0,"robust","DUKE WILLIAMS"
"573","Peake","Charone","WR","12673",0.082,520,176,0.0607866,"robust","CHARONE PEAKE"
"574","Thomas","Mike","WR","12675",0,532,188,0,"robust","MIKE THOMAS"
"575","Rogers","Eli","WR","12731",41.91775,340,110,1.2142494,"robust","ELI ROGERS"
"576","Moore","Chris","WR","12773",35.81,366,119,13.7837322,"robust","CHRIS MOORE"
"577","Louis","Ricardo","WR","12777",0,532,188,0,"robust","RICARDO LOUIS"
"578","Robinson","Demarcus","WR","12785",60.2485,254,90,9.177294,"robust","DEMARCUS ROBINSON"
"579","Davis","Trevor","WR","12800",0.4865,510,166,0.059304,"robust","TREVOR DAVIS"
"580","Hill","Tyreek","WR","12801",196.8775,19,4,10.89711,"robust","TYREEK HILL"
"581","Grant","Jakeem","WR","12814",42.01025,339,109,6.2891892,"robust","JAKEEM GRANT"
"582","Core","Cody","WR","12824",0.05,523,179,0.037065,"robust","CODY CORE"
"583","Jones","Andy","WR","12873",0.041,525,181,0.0303933,"robust","ANDY JONES"
"584","Sharp","Hunter","WR","12884",0,532,188,0,"robust","HUNTER SHARP"
"585","Erickson","Alex","WR","12913",16.92775,423,143,2.609376,"robust","ALEX ERICKSON"
"586","Holton","Johnny","WR","12916",0,532,188,0,"robust","JOHNNY HOLTON"
"587","Harris","Maurice","WR","12917",15.95275,428,144,0.502601399999998,"robust","MAURICE HARRIS"
"588","Lewis","Tommylee","WR","12921",1.2955,503,159,0.29652,"robust","TOMMYLEE LEWIS"
"589","Anderson","Robby","WR","12930",129.768,72,27,2.56860450000001,"robust","ROBBY ANDERSON"
"590","Rogers","Chester","WR","12934",42.7265,333,107,3.009678,"robust","CHESTER ROGERS"
"591","McEvoy","Tanner","WR","12949",0,532,188,0,"robust","TANNER MCEVOY"
"592","Raymond","Kalif","WR","13066",0,532,188,0,"robust","KALIF RAYMOND"
"593","Davis","Corey","WR","13153",110.9185,126,41,4.68056820000001,"robust","COREY DAVIS"
"594","Williams","Mike","WR","13154",140.1545,57,21,8.44933740000001,"robust","MIKE WILLIAMS"
"595","Ross","John","WR","13155",69.83825,237,83,6.6717,"robust","JOHN ROSS"
"596","Smith-Schuster","JuJu","WR","13156",195.68775,20,5,9.65172600000001,"robust","JUJU SMITH-SCHUSTER"
"597","Samuel","Curtis","WR","13157",108.0355,134,42,10.08168,"robust","CURTIS SAMUEL"
"598","Westbrook","Dede","WR","13158",118.012,98,36,4.21206660000002,"robust","DEDE WESTBROOK"
"599","Dupre","Malachi","WR","13160",0,532,188,0,"robust","MALACHI DUPRE"
"600","Scott","Artavis","WR","13161",0.621,509,165,0.4492278,"robust","ARTAVIS SCOTT"
"601","Ford","Isaiah","WR","13162",0,532,188,0,"robust","ISAIAH FORD"
"602","Godwin","Chris","WR","13163",134.49,63,23,1.56414300000001,"robust","CHRIS GODWIN"
"603","Kupp","Cooper","WR","13164",143.163,55,20,10.785915,"robust","COOPER KUPP"
"604","Switzer","Ryan","WR","13165",36.894,361,115,1.05709380000001,"robust","RYAN SWITZER"
"605","Darboh","Amara","WR","13166",0,532,188,0,"robust","AMARA DARBOH"
"606","Taylor","Taywan","WR","13167",38.523,356,114,12.431601,"robust","TAYWAN TAYLOR"
"607","Reynolds","Josh","WR","13168",51.0925,292,99,17.457615,"robust","JOSH REYNOLDS"
"608","Chesson","Jehu","WR","13169",0.01,531,187,0.007413,"robust","JEHU CHESSON"
"609","Gibson","Shelton","WR","13170",0,532,188,0,"robust","SHELTON GIBSON"
"610","Brown","Noah","WR","13172",0.041,525,181,0.0303933,"robust","NOAH BROWN"
"611","Jones","Zay","WR","13176",90.06325,182,59,19.05141,"robust","ZAY JONES"
"612","Dieter","Gehrig","WR","13179",0,532,188,0,"robust","GEHRIG DIETER"
"613","Hansen","Chad","WR","13183",0,532,188,0,"robust","CHAD HANSEN"
"614","Yancey","DeAngelo","WR","13187",0,532,188,0,"robust","DEANGELO YANCEY"
"615","Malone","Josh","WR","13235",-0.17,535,191,0.237216,"robust","JOSH MALONE"
"616","Davis","Robert","WR","13238",0,532,188,0,"robust","ROBERT DAVIS"
"617","Golladay","Kenny","WR","13277",145.09675,54,19,7.4915778,"robust","KENNY GOLLADAY"
"618","Williams","Chad","WR","13280",25.35,392,129,31.846248,"robust","CHAD WILLIAMS"
"619","Langley","Brendan","WR","13282",NA,NA,NA,0,"robust","BRENDAN LANGLEY"
"620","Hollins","Mack","WR","13289",0.051,522,178,0.0378063,"robust","MACK HOLLINS"
"621","McKenzie","Isaiah","WR","13313",4.5805,481,151,4.180932,"robust","ISAIAH MCKENZIE"
"622","Taylor","Trent","WR","13316",34.73,368,121,17.450202,"robust","TRENT TAYLOR"
"623","Moore","David","WR","13348",74.192,222,80,9.5383071,"robust","DAVID MOORE"
"624","Carr","Austin","WR","13367",0,532,188,0,"robust","AUSTIN CARR"
"625","Hogan","Krishawn","WR","13370",0,532,188,0,"robust","KRISHAWN HOGAN"
"626","Hatcher","Keon","WR","13371",0,532,188,0,"robust","KEON HATCHER"
"627","Gentry","Tanner","WR","13372",0,532,188,0,"robust","TANNER GENTRY"
"628","Bolden","Victor","WR","13375",0,532,188,0,"robust","VICTOR BOLDEN"
"629","Patrick","Tim","WR","13377",42.61725,335,108,6.59015700000001,"robust","TIM PATRICK"
"630","Mizzell","Taquan","WR","13384",3.07,497,156,0,"robust","TAQUAN MIZZELL"
"631","Johnson","Marcus","WR","13387",0.03,527,183,0.022239,"robust","MARCUS JOHNSON"
"632","Lenoir","Lance","WR","13390",0,532,188,0,"robust","LANCE LENOIR"
"633","White","Tim","WR","13398",0,532,188,0,"robust","TIM WHITE"
"634","Cole","Keelan","WR","13412",56.2335,271,93,1.9585146,"robust","KEELAN COLE"
"635","Bourne","Kendrick","WR","13418",38.793,355,113,6.4923054,"robust","KENDRICK BOURNE"
"636","Reilly","Brandon","WR","13421",0,532,188,0,"robust","BRANDON REILLY"
"637","Davis","Reggie","WR","13436",0,532,188,0,"robust","REGGIE DAVIS"
"638","Pascal","Zach","WR","13488",23.2965,400,132,8.3885508,"robust","ZACH PASCAL"
"639","Kemp","Marcus","WR","13503",0.0855,518,174,0.0756126,"robust","MARCUS KEMP"
"640","Hall","Marvin","WR","13505",14.86,432,146,2.2950648,"robust","MARVIN HALL"
"641","Mickens","Jaydon","WR","13510",0,532,188,0,"robust","JAYDON MICKENS"
"642","Natson","JoJo","WR","13529",4.0365,488,153,0.262420200000001,"robust","JOJO NATSON"
"643","Agudosi","Carlton","WR","13538",0,532,188,0,"robust","CARLTON AGUDOSI"
"644","Wilson","Bobo","WR","13544",0.961,505,161,0.37065,"robust","BOBO WILSON"
"645","Brent","K.J.","WR","13573",0,532,188,0,"robust","K.J. BRENT"
"646","Zylstra","Brandon","WR","13585",0.26,511,167,0.192738,"robust","BRANDON ZYLSTRA"
"647","Ridley","Calvin","WR","13629",127.35575,75,30,11.052783,"robust","CALVIN RIDLEY"
"648","Sutton","Courtland","WR","13630",102.1185,150,47,5.448555,"robust","COURTLAND SUTTON"
"649","Washington","James","WR","13631",79.248,208,70,17.0958606,"robust","JAMES WASHINGTON"
"650","Lazard","Allen","WR","13632",0,532,188,0,"robust","ALLEN LAZARD"
"651","Kirk","Christian","WR","13633",118.88875,96,35,5.1764979,"robust","CHRISTIAN KIRK"
"652","Pettis","Dante","WR","13634",119.69275,91,33,5.789553,"robust","DANTE PETTIS"
"653","Moore","D.J.","WR","13635",130.3,70,26,15.2767104,"robust","D.J. MOORE"
"654","Cain","Deon","WR","13636",16.93,422,142,0.637518,"robust","DEON CAIN"
"655","St. Brown","Equanimeous","WR","13637",54.536,279,97,20.8186692,"robust","EQUANIMEOUS ST. BROWN"
"656","Berrios","Braxton","WR","13638",0,532,188,0,"robust","BRAXTON BERRIOS"
"657","Miller","Anthony","WR","13639",88.529,187,62,16.523577,"robust","ANTHONY MILLER"
"658","Callaway","Antonio","WR","13640",59.11575,259,91,24.9869991,"robust","ANTONIO CALLAWAY"
"659","McCloud","Ray-Ray","WR","13641",2.21,500,157,1.638273,"robust","RAY-RAY MCCLOUD"
"660","Tate","Auden","WR","13642",0,532,188,0,"robust","AUDEN TATE"
"661","Wims","Javon","WR","13644",0,532,188,0,"robust","JAVON WIMS"
"662","Smith","Tre'Quan","WR","13645",75.49,217,77,17.1951948,"robust","TRE'QUAN SMITH"
"663","Gallup","Michael","WR","13646",100.81275,156,49,1.786533,"robust","MICHAEL GALLUP"
"664","Ateman","Marcell","WR","13647",-0.15,534,190,0.22239,"robust","MARCELL ATEMAN"
"665","Burnett","Deontay","WR","13648",0,532,188,0,"robust","DEONTAY BURNETT"
"666","Hamilton","DaeSean","WR","13649",84.65075,199,68,10.7473674,"robust","DAESEAN HAMILTON"
"667","Wilson","Cedrick","WR","13652",0,532,188,0,"robust","CEDRICK WILSON"
"668","Foster","Robert","WR","13653",86.95625,191,63,13.521312,"robust","ROBERT FOSTER"
"669","Phillips","Cam","WR","13655",0,532,188,0,"robust","CAM PHILLIPS"
"670","Weah","Jester","WR","13656",0,532,188,0,"robust","JESTER WEAH"
"671","Moore","J'Mon","WR","13657",0,532,188,0,"robust","J'MON MOORE"
"672","Lasley","Jordan","WR","13658",0,532,188,0,"robust","JORDAN LASLEY"
"673","Mitchell","Steven","WR","13659",0,532,188,0,"robust","STEVEN MITCHELL"
"674","Coutee","Keke","WR","13662",86.45525,195,65,19.170018,"robust","KEKE COUTEE"
"675","Scott","Jaleel","WR","13663",0,532,188,0,"robust","JALEEL SCOTT"
"676","Quinn","Trey","WR","13664",66.339,246,87,4.3114008,"robust","TREY QUINN"
"677","Fountain","Daurice","WR","13666",0,532,188,0,"robust","DAURICE FOUNTAIN"
"678","Chark","D.J.","WR","13668",48.4645,302,103,7.153545,"robust","D.J. CHARK"
"679","Turner","Malik","WR","13669",0,532,188,0,"robust","MALIK TURNER"
"680","James","Richie","WR","13724",41.095,346,112,49.081473,"robust","RICHIE JAMES"
"681","Watson","Justin","WR","13776",0.162,513,169,0.44478,"robust","JUSTIN WATSON"
"682","Valdes-Scantling","Marquez","WR","13793",91.0515,179,58,10.52646,"robust","MARQUEZ VALDES-SCANTLING"
"683","Ratley","Damion","WR","13794",0.023,528,184,0.0170499,"robust","DAMION RATLEY"
"684","Cantrell","Dylan","WR","13807",0,532,188,0,"robust","DYLAN CANTRELL"
"685","Gage","Russell","WR","13809",17.829,418,141,3.839934,"robust","RUSSELL GAGE"
"686","Hollister","Cody","WR","13851",0,532,188,0,"robust","CODY HOLLISTER"
"687","Alexander","Deontez","WR","13858",0,532,188,0,"robust","DEONTEZ ALEXANDER"
"688","Cracraft","River","WR","13862",6.1985,469,149,3.1757292,"robust","RIVER CRACRAFT"
"689","Pringle","Byron","WR","13863",0,532,188,0,"robust","BYRON PRINGLE"
"690","Veasy","Jordan","WR","13881",0,532,188,0,"robust","JORDAN VEASY"
"691","Kirkwood","Keith","WR","13882",35.96725,365,118,3.85476,"robust","KEITH KIRKWOOD"
"692","Patterson","Damoun","WR","13883",0,532,188,0,"robust","DAMOUN PATTERSON"
"693","Smith","Vyncint","WR","13884",15.801,429,145,5.129796,"robust","VYNCINT SMITH"
"694","Sherfield","Trent","WR","13893",0,532,188,0,"robust","TRENT SHERFIELD"
"695","Sims","Cam","WR","13895",0,532,188,0,"robust","CAM SIMS"
"696","Ishmael","Steve","WR","13899",0,532,188,0,"robust","STEVE ISHMAEL"
"697","Jones","J.J.","WR","13905",0.09,517,173,0.066717,"robust","J.J. JONES"
"698","Powell","Brandon","WR","13910",0.0845,519,175,0.029652,"robust","BRANDON POWELL"
"699","Willies","Derrick","WR","13911",0.21,512,168,0.155673,"robust","DERRICK WILLIES"
"700","Batson","Cameron","WR","13912",0,532,188,0,"robust","CAMERON BATSON"
"701","Hodge","KhaDarel","WR","13963",0,532,188,0,"robust","KHADAREL HODGE"
"702","Scott","Da'Mari","WR","13990",0,532,188,0,"robust","DA'MARI SCOTT"
"703","Henderson","Quadree","WR","13991",0,532,188,0,"robust","QUADREE HENDERSON"
"704","Beebe","Chad","WR","13999",29.451,378,124,1.275036,"robust","CHAD BEEBE"
"705","Blacknall","Saeed","WR","14009",0,532,188,0,"robust","SAEED BLACKNALL"
"706","Kidsy","Darvin","WR","14046",0,532,188,0,"robust","DARVIN KIDSY"
"707","Harry","N'Keal","WR","14101",76.2015,214,75,11.8674717,"robust","N'KEAL HARRY"
"708","Metcalf","DK","WR","14102",86.6725,193,64,4.01784600000001,"robust","DK METCALF"
"709","Brown","A.J.","WR","14104",58.61825,261,92,12.0631749,"robust","A.J. BROWN"
"710","Brown","Marquise","WR","14105",88.7445,186,61,15.893472,"robust","MARQUISE BROWN"
"711","Butler","Hakeem","WR","14106",33.2065,371,122,1.51225199999999,"robust","HAKEEM BUTLER"
"712","Arcega-Whiteside","JJ","WR","14107",-0.3,536,192,0,"robust","JJ ARCEGA-WHITESIDE"
"713","McLaurin","Terry","WR","14109",36.62675,363,116,3.12087300000001,"robust","TERRY MCLAURIN"
"714","Campbell","Parris","WR","14112",76.406,213,74,11.0557482,"robust","PARRIS CAMPBELL"
"715","Hardman","Mecole","WR","14113",60.776,253,89,25.841718,"robust","MECOLE HARDMAN"
"716","Harmon","Kelvin","WR","14114",-0.3,536,192,0,"robust","KELVIN HARMON"
"717","Hurd","Jalen","WR","14116",3.1022443324937,496,155,3.51043455264484,"robust","JALEN HURD"
"718","Johnson","Tyron","WR","14117",0,532,188,0,"robust","TYRON JOHNSON"
"719","Jennings","Gary","WR","14120",24.4075,394,130,1.5330084,"robust","GARY JENNINGS"
"720","Isabella","Andy","WR","14121",52.9945,285,98,19.006932,"robust","ANDY ISABELLA"
"721","Slayton","Darius","WR","14122",-0.3,536,192,0,"robust","DARIUS SLAYTON"
"722","Renfrow","Hunter","WR","14123",0.946,506,162,1.0237353,"robust","HUNTER RENFROW"
"723","Johnson","KeeSean","WR","14124",31.03,377,123,7.012698,"robust","KEESEAN JOHNSON"
"724","Boykin","Miles","WR","14125",48.7255,301,102,22.0129035,"robust","MILES BOYKIN"
"725","Williams","Preston","WR","14126",23.67775,398,131,3.00523020000001,"robust","PRESTON WILLIAMS"
"726","Meyers","Jakobi","WR","14127",1.383,502,158,0,"robust","JAKOBI MEYERS"
"727","Morgan","Stanley","WR","14131",0,532,188,0,"robust","STANLEY MORGAN"
"728","Samuel","Deebo","WR","14136",75.05525,218,78,8.03643330000002,"robust","DEEBO SAMUEL"
"729","Michel","Marken","WR","14189",0,532,188,0,"robust","MARKEN MICHEL"
"730","Russell","Alonzo","WR","14193",0,532,188,0,"robust","ALONZO RUSSELL"
"731","Johnson","Diontae","WR","14208",-0.3,536,192,0,"robust","DIONTAE JOHNSON"
"732","Fulgham","Travis","WR","14265",-0.3,536,192,0,"robust","TRAVIS FULGHAM"
"733","Winfree","Juwann","WR","14267",0,532,188,0,"robust","JUWANN WINFREE"
"734","Green","Marcus","WR","14277",0,532,188,0,"robust","MARCUS GREEN"
"735","Ursua","John","WR","14297",19.4,414,140,0,"robust","JOHN URSUA"
"736","Godwin","Terry","WR","14298",0.892,507,163,0,"robust","TERRY GODWIN"
"737","Butler","Emmanuel","WR","14313",0,532,188,0,"robust","EMMANUEL BUTLER"
"738","Dulin","Ashton","WR","14315",0,532,188,0,"robust","ASHTON DULIN"
"739","Hart","Penny","WR","14316",0,532,188,0,"robust","PENNY HART"
"740","Doss","Keelan","WR","14317",0,532,188,0,"robust","KEELAN DOSS"
"741","Ferguson","Jazz","WR","14318",0,532,188,0,"robust","JAZZ FERGUSON"
"742","Badet","Jeff","WR","14320",0,532,188,0,"robust","JEFF BADET"
"743","Horn","Reece","WR","14323",0,532,188,0,"robust","REECE HORN"
"744","White Jr.","Reggie","WR","14329",0,532,188,0,"robust","REGGIE WHITE"
"745","Shepherd","Darrius","WR","14330",0,532,188,0,"robust","DARRIUS SHEPHERD"
"746","Fitzgerald","Larry","WR","7393",106.185,139,43,7.227675,"robust","LARRY FITZGERALD"
"747","Ginn Jr.","Ted","WR","8673",91.81325,174,55,6.545679,"robust","TED GINN"
"748","Jackson","DeSean","WR","9075",105.43675,142,44,5.66353200000001,"robust","DESEAN JACKSON"
"749","Slater","Matt","WR","9200",0,532,188,0,"robust","MATT SLATER"
"750","Amendola","Danny","WR","9308",75.58275,216,76,10.22994,"robust","DANNY AMENDOLA"
"751","Edelman","Julian","WR","9662",156.285,45,16,8.48788500000001,"robust","JULIAN EDELMAN"
"752","Tate","Golden","WR","9831",77.717,211,73,4.1853798,"robust","GOLDEN TATE"
"753","Thomas","Demaryius","WR","9884",55.18925,276,95,15.4323834,"robust","DEMARYIUS THOMAS"
"754","Sanders","Emmanuel","WR","9918",111.06175,125,40,5.24321489999999,"robust","EMMANUEL SANDERS"
"755","Roberts","Andre","WR","9921",4.975,477,150,2.349921,"robust","ANDRE ROBERTS"
"756","Brown","Antonio","WR","9988",179.62625,31,9,9.34779300000001,"robust","ANTONIO BROWN"
